#{"t_start": 1768249545.710879, "env_id": "SpaceInvaders-v0"}
r,l,t
95.0,516,27.324369
115.0,669,27.876991
50.0,409,28.234965
35.0,385,28.534047
490.0,1201,29.55285
365.0,751,30.178462
80.0,640,30.695438
55.0,507,31.106044
180.0,818,31.779174
100.0,392,32.091706
185.0,698,32.654144
70.0,710,33.228749
45.0,521,33.634796
35.0,604,34.112846
135.0,510,34.532411
50.0,508,34.921207
230.0,1069,36.683238
750.0,1588,39.601285
65.0,411,40.309676
50.0,359,40.939803
165.0,766,42.348208
0.0,336,42.900842
210.0,803,44.369186
245.0,1089,46.367587
75.0,639,47.536381
95.0,777,48.964664
20.0,513,49.89891
80.0,355,50.537416
85.0,711,51.874614
45.0,610,53.001368
460.0,1364,55.549214
130.0,805,57.006358
220.0,732,58.347889
170.0,640,59.542466
125.0,670,60.743273
75.0,563,61.710041
75.0,491,62.598162
120.0,793,64.065257
230.0,1101,66.102528
250.0,1064,68.048003
190.0,822,69.482533
105.0,650,70.633541
185.0,837,72.141201
115.0,644,73.267928
65.0,586,74.328556
120.0,551,75.312317
55.0,450,76.084983
15.0,361,76.694052
65.0,513,77.590346
135.0,622,78.716132
320.0,1134,80.827399
185.0,737,82.222788
125.0,645,83.406523
70.0,526,84.379019
65.0,945,86.143291
60.0,642,87.292151
170.0,688,88.607986
50.0,493,89.494258
210.0,698,90.751451
0.0,631,91.896487
205.0,948,93.600757
105.0,650,94.742417
70.0,599,95.777913
145.0,663,96.953584
150.0,914,98.582326
105.0,660,99.756155
120.0,815,101.222842
90.0,407,101.88445
275.0,1136,104.003105
155.0,601,105.059776
80.0,445,105.79638
50.0,374,106.431466
175.0,693,107.645029
125.0,647,108.81129
80.0,645,109.966202
85.0,679,111.23638
135.0,702,112.555126
145.0,872,114.187281
315.0,1122,116.342983
180.0,641,117.562881
120.0,537,118.547138
160.0,649,119.719707
475.0,1386,122.363924
20.0,410,123.106109
80.0,590,124.191769
150.0,714,125.526404
210.0,855,127.112501
80.0,632,128.287555
130.0,692,129.577167
80.0,661,130.801428
180.0,882,132.511502
170.0,806,134.029754
80.0,693,135.336418
125.0,837,136.885765
55.0,641,138.161556
130.0,676,139.451427
290.0,1067,141.474914
45.0,465,142.343598
175.0,676,143.616582
80.0,395,144.292714
450.0,1315,146.820189
110.0,595,147.979947
85.0,625,149.151622
60.0,668,150.523006
20.0,380,151.234174
15.0,499,152.166796
140.0,575,153.26706
115.0,499,154.221017
165.0,846,155.890575
105.0,906,157.586356
155.0,749,158.984979
120.0,639,160.221416
120.0,807,161.769838
170.0,875,163.461715
175.0,871,165.105975
45.0,393,165.792109
95.0,510,166.754263
30.0,584,167.815946
130.0,871,169.495152
185.0,833,171.10927
45.0,367,171.846728
50.0,836,173.584744
95.0,709,174.930727
90.0,442,191.755489
105.0,639,192.995612
175.0,741,194.378979
135.0,695,195.716315
145.0,817,197.283325
45.0,505,198.237998
95.0,525,199.21681
285.0,1175,201.524034
145.0,785,203.024771
125.0,790,204.491331
180.0,853,206.152372
265.0,1041,208.177187
60.0,637,209.38003
135.0,769,210.86867
275.0,903,212.619119
5.0,511,213.525747
80.0,651,214.772992
415.0,942,216.58607
295.0,1417,219.340905
335.0,782,220.806128
85.0,569,221.860288
60.0,416,222.60442
175.0,921,224.360865
155.0,591,225.454104
35.0,450,226.290723
10.0,419,227.042134
35.0,655,228.305529
65.0,583,229.380512
10.0,385,230.081639
105.0,600,231.194928
90.0,541,232.201051
35.0,395,232.974461
75.0,619,234.173195
115.0,621,235.328352
105.0,712,236.640686
140.0,677,237.942111
100.0,703,239.313196
110.0,520,240.305345
75.0,381,240.989086
95.0,689,242.303104
355.0,797,243.825397
35.0,358,244.441369
210.0,1460,247.345273
30.0,408,248.09999
100.0,600,249.257138
395.0,1300,251.85697
260.0,1012,253.851567
75.0,498,254.769997
200.0,904,256.507983
35.0,379,257.250261
100.0,507,258.188633
125.0,632,259.365684
410.0,817,260.980889
110.0,608,262.162788
25.0,429,263.024952
395.0,841,264.751568
140.0,672,266.017885
40.0,335,266.587471
65.0,580,267.750989
50.0,427,268.560598
110.0,551,269.617659
155.0,818,271.283169
190.0,1009,273.264257
150.0,1073,275.320188
180.0,785,276.805414
75.0,667,278.118197
140.0,760,279.62141
210.0,766,281.081713
70.0,619,282.257187
115.0,782,283.71885
320.0,1136,285.928421
310.0,1175,288.243693
410.0,860,289.930581
445.0,1110,292.11043
20.0,347,292.783198
115.0,684,294.118079
185.0,837,295.799829
295.0,952,297.680638
60.0,382,298.377222
40.0,377,299.102798
710.0,1341,301.838975
30.0,509,302.804127
95.0,617,304.018568
55.0,520,305.023233
75.0,537,306.040847
75.0,707,307.455932
65.0,494,308.35639
95.0,650,309.614493
190.0,673,310.89881
380.0,975,312.874525
105.0,663,314.169879
60.0,385,314.870596
150.0,959,316.819235
20.0,366,317.460842
170.0,803,319.05856
185.0,1073,321.179676
140.0,687,322.496164
240.0,924,324.303822
135.0,415,325.075935
150.0,666,326.402888
15.0,322,327.037081
55.0,463,327.936282
65.0,408,328.726048
140.0,716,330.146481
365.0,1248,332.625047
50.0,517,333.571366
140.0,511,334.533501
170.0,849,336.148676
110.0,660,337.423264
180.0,687,338.783499
15.0,481,339.735757
155.0,669,341.024385
320.0,838,342.639718
55.0,510,343.600994
135.0,674,345.174578
85.0,616,346.595182
175.0,935,348.722327
120.0,704,350.300571
60.0,535,351.480103
290.0,1021,353.893283
170.0,685,355.441466
135.0,656,356.826125
545.0,1114,376.15206
80.0,600,377.485821
80.0,729,379.055225
105.0,518,380.189858
80.0,572,381.515079
40.0,367,382.321166
20.0,534,383.547572
165.0,656,384.984068
80.0,578,386.242818
110.0,574,387.453964
75.0,506,388.545737
75.0,347,389.271334
165.0,935,391.394198
180.0,706,392.99938
140.0,678,394.468624
160.0,819,396.301863
725.0,1490,399.615775
345.0,1000,401.830917
50.0,430,402.730089
75.0,381,403.560265
165.0,735,405.162839
85.0,525,406.262914
65.0,518,407.343887
120.0,678,408.837647
95.0,896,410.815526
270.0,1049,413.308593
260.0,1278,416.201619
155.0,730,417.910621
220.0,858,419.809402
305.0,1133,422.399384
110.0,680,423.890619
360.0,760,425.537993
20.0,343,426.238284
95.0,637,427.601606
45.0,383,428.373154
335.0,1200,431.142718
30.0,398,431.955872
95.0,499,433.018747
335.0,903,435.041245
320.0,959,437.150283
605.0,1498,440.613295
60.0,537,441.823732
315.0,809,443.761562
30.0,403,444.626579
350.0,663,446.056587
70.0,486,447.110943
170.0,536,448.296537
205.0,639,449.700022
50.0,376,450.488144
235.0,817,452.315431
260.0,1186,454.967557
75.0,636,456.390919
35.0,399,457.258624
110.0,547,458.430437
40.0,627,459.828323
105.0,654,461.410333
60.0,516,462.422789
235.0,1140,464.723273
55.0,504,465.667522
150.0,652,466.898274
50.0,399,467.643492
325.0,978,469.552983
510.0,959,471.461542
135.0,711,472.857572
120.0,657,474.11331
95.0,685,475.476807
105.0,610,476.636941
205.0,710,478.046788
30.0,351,478.655199
80.0,663,479.965412
200.0,667,481.254984
170.0,646,482.519149
30.0,456,483.406781
315.0,941,485.369847
50.0,546,486.431996
115.0,641,487.737025
200.0,1147,490.121931
125.0,561,491.213251
110.0,910,493.088069
150.0,571,494.208674
280.0,996,496.188058
240.0,997,498.245968
515.0,1066,500.597802
155.0,853,502.626211
150.0,966,504.988328
615.0,1271,507.998864
90.0,439,508.914563
65.0,388,509.718774
80.0,379,510.494533
105.0,508,511.64001
140.0,520,512.808326
85.0,366,513.58744
35.0,646,515.03406
260.0,1004,517.366023
95.0,484,518.449519
50.0,554,519.738034
100.0,494,520.776132
185.0,669,522.133891
200.0,708,523.504253
140.0,761,524.997998
265.0,1085,527.201416
15.0,433,528.047552
280.0,1144,530.337138
60.0,663,531.658253
215.0,633,532.916526
205.0,573,534.019438
170.0,765,535.589818
105.0,380,536.32797
465.0,896,538.204258
135.0,767,539.728189
50.0,387,540.475889
100.0,536,541.557831
185.0,614,542.759999
245.0,767,544.304192
140.0,587,545.475857
35.0,312,546.054424
110.0,646,547.343709
145.0,711,548.752162
190.0,686,550.101375
405.0,1105,552.341475
355.0,955,554.278567
55.0,545,555.375806
155.0,648,556.684039
40.0,525,569.505796
100.0,498,570.474923
125.0,767,572.03526
100.0,543,573.266436
235.0,775,574.87415
225.0,1074,577.106547
130.0,656,578.391392
195.0,670,579.707087
60.0,658,581.019982
170.0,619,582.21265
165.0,628,583.452628
165.0,701,584.850343
100.0,592,585.948319
35.0,416,586.743427
40.0,489,587.749128
320.0,808,589.381048
190.0,909,591.256437
50.0,636,592.568128
75.0,364,593.259732
25.0,326,593.903358
180.0,674,595.245036
175.0,683,596.572954
320.0,953,598.535614
110.0,704,599.910696
195.0,894,601.758405
25.0,354,602.455051
610.0,1251,604.949478
165.0,938,606.862441
155.0,623,608.138214
105.0,532,609.209935
175.0,543,610.292605
105.0,544,611.354644
75.0,623,612.59604
60.0,409,613.351917
95.0,680,614.717245
195.0,629,615.937949
60.0,504,616.923085
120.0,515,617.951981
60.0,410,618.742289
90.0,626,620.019511
100.0,475,620.991587
150.0,594,622.165736
190.0,663,623.500314
80.0,518,624.52197
105.0,756,626.036224
135.0,700,627.509181
285.0,982,629.460137
95.0,533,630.467368
145.0,690,631.854966
85.0,703,633.227983
155.0,616,634.54671
220.0,856,636.258015
15.0,445,637.079672
295.0,1110,639.34305
220.0,984,641.335646
165.0,821,642.947475
30.0,314,643.539566
100.0,678,644.895783
115.0,646,646.193674
375.0,716,647.668549
105.0,487,648.620567
25.0,342,649.237654
15.0,303,649.839323
30.0,524,650.884738
105.0,637,652.176383
130.0,646,653.549187
30.0,436,654.388832
190.0,658,655.719716
80.0,375,656.436832
215.0,757,658.021584
170.0,748,659.553256
185.0,673,660.888872
225.0,885,662.680686
475.0,1104,664.948139
110.0,647,666.261113
75.0,518,667.330379
340.0,802,669.006108
440.0,963,671.049197
90.0,640,672.380624
110.0,716,673.829936
170.0,815,675.525874
190.0,656,676.85939
180.0,1081,679.089042
85.0,608,680.320324
80.0,527,681.398236
155.0,817,683.092494
135.0,656,684.42464
75.0,524,685.459002
115.0,734,686.962199
115.0,618,688.211196
105.0,658,689.578598
120.0,812,691.269437
150.0,646,692.565391
120.0,846,694.293277
25.0,468,695.204851
240.0,777,696.85112
250.0,1174,699.274722
120.0,556,700.399319
85.0,689,701.822618
80.0,515,702.885766
130.0,480,703.792413
325.0,886,705.654382
95.0,546,706.721936
150.0,572,707.878204
45.0,405,708.68293
140.0,478,709.641775
155.0,534,710.725627
145.0,702,712.138838
230.0,879,713.956048
325.0,1149,716.353832
45.0,330,716.990304
255.0,745,718.515109
150.0,707,719.936313
315.0,1304,722.630654
50.0,390,723.361241
65.0,394,724.096028
15.0,387,724.855687
50.0,371,725.552267
125.0,642,726.867301
150.0,638,728.17656
240.0,916,730.073975
85.0,532,731.111788
70.0,420,731.972941
35.0,357,732.64662
230.0,926,734.600115
10.0,340,735.266412
155.0,552,736.38128
100.0,506,737.361159
145.0,610,738.576872
210.0,806,740.213628
375.0,937,742.247382
195.0,661,757.86114
70.0,521,758.892853
30.0,329,759.500943
120.0,670,760.898283
220.0,909,762.754868
105.0,497,763.782638
40.0,569,764.924833
130.0,651,766.263095
125.0,691,767.656612
15.0,343,768.3127
295.0,1058,770.754617
95.0,511,771.922618
20.0,486,773.12279
65.0,614,774.558474
195.0,963,776.915661
145.0,928,779.133807
245.0,1059,781.848028
145.0,683,783.488822
125.0,475,784.595169
120.0,617,785.99757
75.0,432,786.940697
105.0,916,789.145577
145.0,815,791.077568
350.0,935,793.343953
175.0,1066,795.916517
95.0,544,797.144226
305.0,1271,800.137423
380.0,913,802.416311
210.0,685,804.063152
120.0,714,805.719976
135.0,669,807.290173
180.0,924,809.524263
650.0,1430,813.026459
155.0,461,814.145038
340.0,1108,816.843416
50.0,514,818.047653
160.0,703,819.712573
60.0,495,820.845106
140.0,749,822.575338
290.0,1344,825.750774
130.0,666,827.287401
420.0,1215,830.200862
315.0,977,832.60991
85.0,656,834.206945
405.0,1133,836.875142
175.0,660,838.492147
525.0,1481,842.023249
440.0,1344,845.281392
425.0,734,847.20998
385.0,1331,850.451433
345.0,862,852.514401
290.0,947,854.77148
130.0,689,856.375669
135.0,721,858.116556
185.0,866,860.212708
105.0,623,861.672765
130.0,657,863.325365
315.0,1363,866.619332
155.0,695,868.273412
25.0,616,869.692964
225.0,1300,872.838721
35.0,508,874.028399
30.0,380,874.865891
30.0,495,876.040089
40.0,541,877.3771
100.0,644,878.892124
90.0,638,880.416331
80.0,509,881.578346
120.0,540,882.919885
215.0,963,885.242987
200.0,931,887.519867
255.0,804,889.466519
40.0,423,890.40039
70.0,578,891.803102
305.0,1318,895.158043
515.0,1198,898.05046
270.0,1114,900.758031
390.0,859,902.854345
230.0,868,904.973062
275.0,971,907.310104
60.0,884,909.443795
180.0,956,911.744148
45.0,511,912.965383
255.0,956,915.282265
90.0,679,916.919394
165.0,936,918.942208
235.0,1053,921.197067
125.0,475,922.132281
80.0,852,923.977752
410.0,1190,926.537497
165.0,760,928.149208
315.0,1184,930.740148
80.0,445,931.670894
150.0,927,933.633487
130.0,529,934.696151
270.0,1027,936.909033
270.0,877,938.768686
280.0,801,940.439622
225.0,902,942.385437
110.0,601,943.602609
335.0,949,945.641103
200.0,880,947.521257
75.0,913,949.476968
75.0,701,950.960862
175.0,501,952.01404
80.0,507,953.025731
250.0,948,969.279285
35.0,576,970.452527
50.0,545,971.569821
170.0,704,973.030547
110.0,529,974.130841
240.0,1015,976.327148
175.0,981,978.416868
195.0,1517,981.704009
245.0,1124,984.124313
80.0,615,985.45298
370.0,1186,988.003786
150.0,609,989.276916
320.0,1001,991.381989
180.0,740,992.971759
110.0,516,994.051395
265.0,1002,996.239218
285.0,1101,998.607588
120.0,518,999.704311
90.0,593,1000.944699
140.0,794,1002.60906
155.0,790,1004.342594
130.0,634,1005.754954
120.0,656,1007.110074
160.0,913,1009.08992
205.0,677,1010.545358
290.0,926,1012.528895
445.0,921,1014.506047
400.0,1385,1017.482535
425.0,962,1019.538265
485.0,1463,1022.710505
225.0,996,1024.865638
305.0,1035,1027.08817
275.0,1016,1029.310971
430.0,1206,1031.920366
140.0,702,1033.436113
170.0,676,1034.889005
295.0,843,1036.660278
180.0,651,1038.035964
20.0,380,1038.829453
160.0,690,1040.280849
65.0,568,1041.451684
65.0,630,1042.853836
335.0,952,1044.882786
85.0,583,1046.132462
150.0,684,1047.600459
270.0,876,1049.5631
20.0,530,1050.668346
55.0,487,1051.688976
205.0,777,1053.322701
145.0,653,1054.724176
280.0,796,1056.471072
125.0,966,1058.544097
135.0,947,1060.630389
390.0,980,1062.807705
305.0,922,1064.821563
210.0,1316,1067.692731
290.0,1013,1069.846573
215.0,682,1071.271603
405.0,1273,1074.052807
505.0,1441,1077.221438
715.0,1432,1080.3513
125.0,922,1082.312602
700.0,1502,1085.596288
160.0,523,1086.622678
175.0,620,1087.932873
370.0,1376,1090.968708
505.0,1276,1093.782761
285.0,797,1095.496536
140.0,831,1097.239351
245.0,1139,1099.718374
215.0,864,1101.609773
580.0,1004,1103.836134
110.0,538,1104.963824
300.0,899,1106.931676
285.0,1178,1109.507757
210.0,695,1110.979911
475.0,1437,1114.167808
665.0,1115,1116.635023
325.0,1000,1118.808364
425.0,1291,1121.571206
230.0,1150,1124.076393
145.0,692,1125.569487
105.0,505,1126.672694
150.0,499,1127.772631
445.0,1186,1130.477729
65.0,526,1131.622902
190.0,1372,1134.678923
150.0,683,1136.179217
170.0,814,1137.969118
430.0,1020,1140.25514
80.0,678,1141.790895
245.0,1115,1144.261632
155.0,952,1146.330349
225.0,691,1147.820111
170.0,603,1149.114074
225.0,970,1151.219795
140.0,679,1170.195979
260.0,1340,1173.568908
230.0,804,1175.628747
420.0,933,1177.889311
90.0,922,1180.269116
245.0,1086,1183.037051
270.0,931,1185.390636
415.0,1320,1188.716086
45.0,494,1189.934108
200.0,839,1192.051988
625.0,1391,1195.615012
215.0,870,1197.81718
230.0,835,1199.896909
300.0,1099,1202.68732
245.0,1047,1205.370558
105.0,468,1206.479042
180.0,646,1208.068299
330.0,1391,1211.571875
135.0,798,1213.488809
345.0,1177,1216.462617
195.0,873,1218.646932
150.0,1142,1221.749999
155.0,780,1223.865877
285.0,915,1226.168836
155.0,856,1228.317808
110.0,819,1230.351653
280.0,727,1232.114372
315.0,920,1234.460676
135.0,784,1236.416467
305.0,817,1238.485797
155.0,790,1240.442801
210.0,827,1242.535293
365.0,1024,1245.149276
195.0,853,1247.320191
415.0,1045,1249.97906
210.0,890,1252.210949
290.0,966,1254.755177
95.0,652,1256.393017
730.0,2275,1262.319665
590.0,1386,1265.933251
495.0,1030,1268.590268
95.0,642,1270.196184
140.0,675,1271.857471
120.0,690,1273.59431
220.0,794,1275.658714
205.0,691,1277.362545
295.0,821,1279.398385
160.0,627,1280.9756
95.0,390,1281.844098
205.0,580,1283.387533
440.0,1400,1286.951848
210.0,688,1288.702239
215.0,1094,1291.502291
335.0,753,1293.44423
660.0,1059,1296.145754
475.0,1237,1299.360969
185.0,665,1301.158354
65.0,392,1302.168364
135.0,659,1303.88225
355.0,1269,1307.088675
180.0,648,1308.681902
170.0,784,1310.683923
105.0,635,1312.312824
715.0,1348,1315.924058
215.0,806,1317.945814
155.0,689,1319.67409
260.0,1603,1323.810239
195.0,831,1325.904086
360.0,1240,1329.061518
810.0,2195,1334.921274
185.0,809,1336.993453
320.0,961,1339.401619
425.0,1250,1342.582524
540.0,922,1345.030371
535.0,1096,1347.918541
300.0,1068,1350.632646
600.0,1165,1353.652331
450.0,1206,1356.773489
325.0,1068,1359.462838
670.0,1585,1363.56481
340.0,882,1365.903883
245.0,873,1368.156829
245.0,855,1370.36201
495.0,839,1372.488614
310.0,952,1375.016243
235.0,800,1377.0281
510.0,1519,1380.944405
300.0,954,1405.526066
555.0,1377,1409.168594
360.0,1188,1412.293221
515.0,1172,1415.333738
400.0,765,1417.24915
210.0,785,1419.234226
195.0,1087,1422.037839
300.0,921,1424.432765
355.0,943,1426.901465
430.0,1221,1430.056883
390.0,1044,1432.789345
540.0,1430,1436.526472
370.0,1085,1439.389548
330.0,1057,1442.230602
245.0,864,1444.422068
340.0,807,1446.539047
600.0,1399,1450.24333
460.0,1171,1453.312059
345.0,1019,1455.943372
460.0,1241,1459.108986
495.0,1557,1463.301442
315.0,1230,1466.539106
80.0,666,1468.268588
550.0,1035,1470.933107
740.0,1937,1476.013606
450.0,1304,1479.466107
410.0,1208,1482.645215
575.0,1335,1486.104522
325.0,1172,1489.113892
470.0,894,1491.396465
580.0,1068,1494.285294
190.0,543,1495.670444
575.0,1429,1499.487085
470.0,1311,1502.932455
340.0,820,1505.116766
210.0,1208,1508.259715
430.0,1211,1511.402319
490.0,1368,1514.962559
230.0,1104,1517.889421
395.0,1045,1520.646823
440.0,1232,1523.902108
555.0,1515,1527.886242
245.0,947,1530.292988
590.0,975,1532.85693
285.0,838,1535.035575
380.0,1179,1538.070807
800.0,1437,1541.864298
525.0,1229,1545.027422
420.0,1134,1547.975013
470.0,1056,1550.982249
245.0,724,1552.998194
445.0,1168,1556.002924
270.0,1118,1559.035031
350.0,1122,1561.918645
125.0,537,1563.27001
475.0,1370,1566.793164
505.0,1178,1569.821465
575.0,1448,1573.659864
450.0,884,1575.90043
305.0,1104,1578.829166
435.0,1001,1581.436136
270.0,922,1583.957975
140.0,695,1585.729223
325.0,1169,1588.823694
275.0,1179,1591.955672
410.0,1084,1594.759988
450.0,1249,1597.973748
510.0,1379,1601.637921
285.0,947,1604.305992
520.0,1358,1607.961173
520.0,1446,1611.717402
600.0,1292,1615.237108
775.0,1482,1619.089118
350.0,1054,1621.93565
460.0,1032,1647.583321
525.0,1479,1651.427121
480.0,1193,1654.509773
480.0,1348,1658.065922
935.0,1813,1662.935497
600.0,1412,1666.652849
255.0,1169,1669.684425
600.0,1464,1673.625357
495.0,1286,1676.968098
520.0,1584,1681.197888
545.0,1155,1684.224512
1040.0,2106,1689.77028
600.0,1366,1693.472338
575.0,1244,1696.776815
575.0,1342,1700.317604
285.0,950,1702.945234
420.0,1388,1706.590292
570.0,1426,1710.371217
455.0,1506,1714.311867
960.0,1407,1718.11068
400.0,1099,1720.935254
600.0,1238,1724.221211
720.0,1856,1729.285172
710.0,1172,1732.294782
575.0,1323,1735.830152
310.0,1040,1738.573178
435.0,1060,1741.405109
805.0,1461,1745.254513
555.0,1348,1748.756768
845.0,1892,1753.676739
600.0,1555,1757.730955
545.0,1325,1761.164959
305.0,871,1763.454998
745.0,1404,1767.143359
715.0,1209,1770.32744
600.0,1618,1774.512347
600.0,1628,1778.808618
600.0,1794,1783.485601
600.0,1412,1787.236455
300.0,838,1789.428667
1140.0,2057,1794.957438
335.0,1172,1797.966894
575.0,1306,1801.435848
555.0,1378,1805.011232
515.0,1402,1808.702888
570.0,1440,1812.479712
435.0,1376,1816.079571
570.0,1616,1820.257449
570.0,1420,1824.071999
365.0,1227,1827.194991
300.0,1159,1830.233221
685.0,1611,1834.384684
545.0,1496,1838.301862
430.0,916,1840.691647
485.0,1210,1843.808779
245.0,1098,1846.630522
575.0,1644,1850.880815
450.0,1232,1854.170866
535.0,1230,1857.347754
470.0,1069,1860.130413
310.0,929,1862.552989
575.0,1509,1890.670335
460.0,1007,1893.272247
780.0,1322,1896.702508
240.0,646,1898.310848
805.0,1420,1902.077292
375.0,1282,1905.633124
505.0,1236,1908.877607
160.0,731,1910.797731
640.0,1057,1913.641524
275.0,856,1915.857526
610.0,1368,1919.451937
840.0,2230,1925.296747
545.0,1381,1928.92631
565.0,1214,1932.113632
700.0,1178,1935.306983
410.0,1036,1938.084865
495.0,1266,1941.3675
315.0,1116,1944.411897
445.0,1241,1947.680973
545.0,1403,1951.366949
495.0,1341,1954.886172
600.0,1154,1957.879805
350.0,1076,1960.63821
575.0,1220,1963.813181
895.0,1552,1968.058269
840.0,2050,1973.613724
415.0,898,1975.911333
395.0,1189,1979.008117
490.0,1248,1982.250212
860.0,1772,1986.840154
690.0,1483,1990.738803
660.0,1407,1994.428107
355.0,1022,1997.026121
605.0,1461,2000.927012
515.0,1175,2004.152545
575.0,1278,2007.563053
550.0,1099,2010.465702
240.0,739,2012.355161
500.0,1134,2015.350977
385.0,1023,2018.003778
600.0,1359,2021.624828
315.0,1244,2025.002508
695.0,1120,2027.930188
590.0,797,2030.057882
485.0,1307,2033.575646
495.0,1553,2037.650716
480.0,1101,2040.499921
200.0,708,2042.276621
525.0,1393,2045.857985
385.0,1058,2048.609093
320.0,1019,2051.287551
605.0,1612,2055.520035
510.0,1281,2058.868967
1035.0,2188,2064.859047
180.0,827,2067.04084
190.0,1103,2069.902559
345.0,1067,2072.800842
255.0,1112,2075.675426
500.0,1348,2079.190498
350.0,886,2081.52234
265.0,1098,2084.445356
575.0,1182,2087.618315
675.0,1356,2091.12772
580.0,1146,2094.267789
510.0,1107,2097.171388
355.0,973,2099.674333
555.0,1237,2102.884182
250.0,773,2104.855367
300.0,1081,2132.81977
515.0,1194,2135.924412
470.0,1231,2139.146124
465.0,1180,2142.274105
500.0,1076,2145.045
690.0,1229,2148.287195
420.0,1068,2151.127658
395.0,1059,2153.996796
745.0,1229,2157.227678
295.0,968,2159.778811
380.0,948,2162.225027
545.0,1128,2165.159413
685.0,1380,2168.753774
600.0,1430,2172.5277
595.0,1016,2175.108415
585.0,1607,2179.317303
165.0,517,2180.658307
265.0,828,2182.837496
240.0,770,2184.870521
265.0,736,2186.787691
245.0,801,2188.821602
460.0,1190,2191.9643
380.0,1065,2194.71585
485.0,1363,2198.296985
410.0,1083,2201.091059
575.0,1340,2204.644813
600.0,1520,2208.566148
720.0,1022,2211.186159
450.0,1735,2215.847308
175.0,751,2217.735251
920.0,1311,2221.285657
520.0,1385,2224.951349
495.0,1303,2228.395097
575.0,1484,2232.288548
520.0,1102,2235.156551
415.0,1330,2238.636468
540.0,1398,2242.242001
520.0,1178,2245.389621
275.0,997,2247.940157
335.0,866,2250.182803
545.0,1417,2253.876634
375.0,1230,2257.068006
520.0,1405,2260.828669
725.0,1394,2264.464715
600.0,979,2266.974914
170.0,669,2268.690906
360.0,1041,2271.451127
745.0,1279,2274.859444
395.0,1146,2277.845375
680.0,1380,2281.409576
25.0,525,2282.721224
500.0,1032,2285.436322
465.0,1326,2288.904508
600.0,1436,2292.68678
455.0,1252,2296.003296
170.0,1064,2298.819059
415.0,1301,2302.224205
465.0,1333,2305.765482
1135.0,2882,2313.394645
545.0,1463,2317.246076
370.0,1308,2320.814057
130.0,974,2323.328029
690.0,1440,2327.104234
960.0,2053,2332.720801
225.0,865,2335.045588
405.0,969,2337.592166
545.0,1391,2341.198271
145.0,601,2342.763385
415.0,1073,2345.519656
515.0,1421,2349.485012
510.0,1171,2376.315961
650.0,1113,2379.28662
515.0,1494,2383.238009
385.0,1270,2386.638843
575.0,1315,2390.178128
360.0,1133,2393.274189
695.0,1276,2396.666394
205.0,830,2398.860433
675.0,1480,2402.750005
570.0,1458,2406.577908
105.0,626,2408.274345
500.0,1273,2411.728002
575.0,1398,2415.415398
390.0,1098,2418.354562
530.0,1273,2421.654454
725.0,1290,2425.109673
980.0,1255,2428.517821
410.0,1183,2431.687541
515.0,1202,2434.834509
105.0,422,2435.80547
460.0,1056,2438.517881
270.0,798,2440.671519
760.0,1678,2445.168771
395.0,963,2447.667844
345.0,856,2450.01538
575.0,1304,2453.515641
585.0,1202,2456.660062
550.0,1228,2459.779239
695.0,1203,2462.975431
360.0,917,2465.311226
400.0,1309,2468.713862
500.0,1269,2472.007118
465.0,1425,2475.735971
600.0,1428,2479.490504
600.0,1457,2483.42091
555.0,1137,2486.496176
745.0,1356,2490.052802
570.0,1653,2494.392548
500.0,1102,2497.268878
520.0,1251,2500.538432
245.0,777,2502.519424
215.0,969,2505.044951
425.0,1188,2508.162142
500.0,1337,2511.630582
970.0,1293,2515.135984
575.0,982,2517.712576
685.0,1377,2521.303894
800.0,1456,2525.105646
600.0,1489,2529.00319
410.0,1232,2532.25361
430.0,1073,2535.058576
525.0,1149,2538.098231
575.0,1548,2542.077954
550.0,1328,2545.595951
680.0,1252,2548.905143
395.0,944,2551.375529
375.0,975,2553.910182
370.0,1113,2556.841193
650.0,1244,2560.230781
475.0,1384,2563.901004
720.0,1374,2567.533655
365.0,1262,2570.728815
550.0,1260,2573.848486
800.0,1441,2577.232173
665.0,1471,2580.743865
585.0,984,2582.991899
1110.0,2124,2588.006619
800.0,1366,2615.496338
725.0,1306,2618.565539
605.0,1495,2622.030436
575.0,1577,2625.755261
595.0,993,2628.085903
550.0,1455,2631.465107
310.0,702,2633.079821
520.0,1371,2636.267817
550.0,1359,2639.399864
575.0,1238,2642.242283
755.0,1548,2645.76375
575.0,1266,2648.648
545.0,1275,2651.516898
540.0,1217,2654.321013
275.0,872,2656.245171
365.0,938,2658.399844
755.0,1194,2661.191122
600.0,1231,2664.022908
990.0,2326,2669.3988
575.0,1323,2672.368293
700.0,1269,2675.25193
460.0,1064,2677.681116
600.0,1503,2681.0776
500.0,1170,2683.721869
540.0,1215,2686.487116
310.0,672,2687.994689
475.0,1070,2690.447226
545.0,1138,2693.003244
505.0,1329,2696.03238
600.0,1291,2698.970695
600.0,1288,2701.899908
305.0,1030,2704.259395
345.0,1119,2706.850141
685.0,1785,2710.962328
545.0,1361,2714.113327
275.0,918,2716.165432
410.0,1073,2718.537922
40.0,611,2719.88277
445.0,1172,2722.578868
485.0,1334,2725.624529
465.0,1169,2728.275027
715.0,1182,2731.015447
525.0,1292,2733.934476
500.0,1293,2736.86516
235.0,993,2739.140246
600.0,1319,2742.176016
455.0,1294,2745.142411
385.0,1167,2747.778377
670.0,983,2750.000587
435.0,1370,2753.330185
995.0,1660,2757.098732
490.0,1272,2759.999089
545.0,1259,2762.859692
515.0,1330,2765.911566
475.0,1315,2768.952261
300.0,948,2771.078674
525.0,1165,2773.710026
365.0,1472,2777.102281
540.0,1304,2780.135427
335.0,856,2782.101975
575.0,1248,2785.025337
585.0,1090,2787.569965
575.0,1325,2790.623049
510.0,1005,2792.925958
550.0,1027,2795.192242
360.0,1450,2798.572428
535.0,1208,2801.378983
525.0,1598,2824.446081
795.0,1667,2828.363511
390.0,923,2830.435891
580.0,1149,2833.089255
660.0,1664,2836.875837
525.0,1304,2839.904055
385.0,1196,2842.627692
570.0,1320,2845.681634
545.0,1499,2849.090133
600.0,1076,2851.552533
700.0,1246,2854.397897
550.0,1252,2857.250148
860.0,1418,2860.506986
770.0,1162,2863.204952
140.0,508,2864.309117
600.0,1412,2867.497631
265.0,758,2869.290288
475.0,979,2871.779354
295.0,1051,2874.519914
515.0,1195,2877.471086
475.0,1230,2880.472618
410.0,827,2882.453364
600.0,1505,2886.188436
570.0,1375,2889.636454
600.0,1290,2892.795365
780.0,1626,2896.849508
515.0,1625,2900.850132
600.0,1378,2904.360381
575.0,1264,2907.481179
575.0,1224,2910.531815
570.0,1322,2913.793979
540.0,1318,2917.008264
535.0,1172,2919.886037
730.0,1265,2922.939027
475.0,1154,2925.7647
620.0,1403,2929.247813
600.0,1354,2932.605243
220.0,704,2934.411124
670.0,1367,2937.805321
390.0,1212,2940.876546
600.0,1344,2944.217945
675.0,1463,2947.855675
740.0,1241,2950.92037
540.0,1094,2953.597331
340.0,949,2955.921054
240.0,908,2958.118781
165.0,759,2959.946278
810.0,1139,2962.747592
490.0,963,2965.207733
580.0,1418,2968.68774
525.0,1259,2971.823593
355.0,976,2974.187241
425.0,982,2976.549881
600.0,1459,2980.074988
290.0,1012,2982.566281
475.0,1104,2985.1811
460.0,980,2987.596573
425.0,855,2989.693351
745.0,1481,2993.448519
545.0,1409,2996.884347
600.0,1341,3000.184745
600.0,1265,3003.277985
265.0,725,3005.008756
210.0,743,3006.769673
510.0,1329,3010.002464
600.0,1527,3013.758361
240.0,730,3015.501623
425.0,1156,3018.34327
735.0,1650,3022.672854
420.0,829,3048.510432
470.0,1099,3051.231701
750.0,1577,3055.389143
605.0,1247,3058.448492
510.0,1169,3061.335259
255.0,780,3063.200534
570.0,1095,3065.878164
375.0,1038,3068.468088
600.0,1413,3071.943357
220.0,1059,3074.526365
430.0,1331,3077.779803
500.0,1086,3080.396192
685.0,1548,3084.341121
700.0,1301,3087.561621
500.0,1217,3090.502999
600.0,1424,3093.999883
600.0,1391,3097.401906
370.0,1078,3099.935476
600.0,1398,3103.379453
355.0,880,3105.498724
550.0,1536,3109.264718
575.0,1357,3112.6263
545.0,1295,3116.019509
570.0,1566,3119.933849
540.0,1354,3123.249376
545.0,1259,3126.38474
180.0,632,3127.875849
575.0,1390,3131.346521
605.0,1405,3134.742735
330.0,1093,3137.417701
155.0,672,3138.99901
575.0,1472,3142.619179
600.0,1296,3145.954627
600.0,1296,3149.135932
600.0,1586,3152.98686
215.0,815,3155.000486
800.0,1461,3158.615334
240.0,789,3160.540057
260.0,610,3161.978255
545.0,1352,3165.306101
545.0,1224,3168.307345
600.0,1135,3171.106071
515.0,1340,3174.6039
470.0,1088,3177.225007
400.0,1126,3179.999598
665.0,1460,3183.559747
280.0,940,3185.900531
470.0,1250,3188.889685
395.0,1186,3191.782057
645.0,1293,3194.93943
575.0,1641,3198.949178
770.0,1369,3202.269074
110.0,480,3203.485889
575.0,1387,3206.94281
515.0,1121,3209.65799
805.0,1182,3212.517869
495.0,1300,3215.698331
435.0,1330,3218.995171
185.0,686,3220.650737
315.0,1115,3223.383904
640.0,1400,3226.865814
495.0,1387,3230.203879
185.0,661,3231.768334
545.0,1191,3234.842148
350.0,1239,3237.92326
630.0,1248,3240.950387
540.0,1274,3244.101067
275.0,787,3245.990906
600.0,1283,3249.180327
130.0,770,3251.04637
465.0,1298,3272.436104
545.0,1536,3276.225685
695.0,1513,3279.918542
420.0,940,3282.2239
190.0,734,3283.954664
455.0,1377,3287.329839
570.0,1324,3290.595932
380.0,1032,3293.213969
530.0,1006,3295.737439
490.0,1288,3298.853495
265.0,894,3301.050521
540.0,1371,3304.48851
285.0,677,3306.139652
575.0,1498,3309.824296
515.0,1197,3312.714541
140.0,618,3314.207986
600.0,1417,3317.633118
635.0,1648,3321.844764
345.0,953,3324.253403
200.0,844,3326.305107
865.0,2067,3331.37978
570.0,1483,3335.063715
545.0,1292,3338.254237
570.0,1433,3341.771666
360.0,757,3343.630743
400.0,1118,3346.282717
800.0,1571,3350.105092
350.0,773,3351.915877
385.0,733,3353.787559
605.0,1467,3357.528425
540.0,1071,3360.118702
515.0,1312,3363.282879
545.0,1298,3366.432597
600.0,1555,3370.281951
600.0,1362,3373.603133
545.0,1122,3376.303988
140.0,533,3377.536061
570.0,1096,3380.121822
615.0,1230,3383.181487
605.0,1148,3386.094043
515.0,982,3388.462349
370.0,1022,3390.891869
255.0,835,3392.919828
505.0,1007,3395.343767
665.0,1584,3399.230096
830.0,1962,3404.109842
80.0,739,3405.86468
545.0,1282,3409.009025
600.0,1318,3412.218116
530.0,1326,3415.555936
495.0,1134,3418.317896
1365.0,2895,3425.464636
600.0,1271,3428.741983
715.0,1611,3432.773192
745.0,1249,3435.897057
755.0,1352,3439.177624
575.0,1218,3442.173943
570.0,1199,3445.238963
725.0,1216,3448.271608
445.0,1143,3451.088834
690.0,1317,3454.320862
810.0,1337,3457.617557
515.0,1495,3461.266887
220.0,988,3463.648811
270.0,764,3465.479447
470.0,1226,3468.44531
375.0,1172,3471.306553
535.0,1221,3474.481227
575.0,1321,3501.9332
460.0,1349,3505.323215
610.0,1465,3508.873758
545.0,1213,3511.8639
555.0,1290,3515.035644
575.0,1336,3518.279784
565.0,1286,3521.381707
605.0,1196,3524.325822
80.0,377,3525.176773
575.0,1263,3528.437224
545.0,982,3531.022842
145.0,531,3532.287026
195.0,687,3533.9859
100.0,418,3534.9613
570.0,1618,3538.911269
940.0,1218,3541.843601
630.0,1245,3544.893283
450.0,1144,3547.667042
240.0,625,3549.144406
135.0,650,3550.686827
545.0,1405,3554.153984
245.0,782,3555.998709
690.0,1254,3559.104532
990.0,1804,3563.88096
175.0,644,3565.514075
680.0,1496,3569.205136
510.0,1204,3572.091681
315.0,1026,3574.569219
600.0,1401,3578.023964
575.0,1487,3581.713961
290.0,854,3583.754596
600.0,1453,3587.295212
455.0,960,3589.656104
575.0,1253,3592.710285
605.0,1174,3595.643099
485.0,1030,3598.17962
600.0,1528,3601.922169
600.0,1374,3605.2643
640.0,1051,3607.794732
270.0,654,3609.385058
420.0,1083,3612.080959
530.0,1434,3615.574857
240.0,686,3617.229909
975.0,1997,3622.189888
420.0,1183,3625.149356
370.0,893,3627.264702
245.0,902,3629.408929
355.0,804,3631.322877
345.0,959,3633.743278
660.0,947,3636.043466
170.0,773,3637.873972
5.0,371,3638.700968
605.0,1249,3641.817188
320.0,985,3644.164907
570.0,1070,3646.710173
420.0,1081,3649.387316
450.0,1053,3651.918631
300.0,970,3654.432716
440.0,1080,3657.066897
545.0,1497,3660.932532
460.0,1025,3663.494295
210.0,544,3664.764463
275.0,755,3666.571707
280.0,870,3668.739462
600.0,1391,3672.147287
715.0,1257,3675.198092
310.0,938,3677.497217
600.0,1329,3680.792271
515.0,1483,3684.615201
920.0,1988,3689.580345
490.0,1286,3692.734731
345.0,979,3695.11755
600.0,1477,3698.697171
380.0,734,3700.518342
800.0,1454,3724.989299
685.0,1646,3728.999026
380.0,1122,3731.681502
245.0,1159,3734.508268
715.0,1325,3737.70887
385.0,1309,3740.942166
645.0,1550,3744.820021
350.0,1050,3747.350533
140.0,675,3748.997703
605.0,1457,3752.71662
715.0,1350,3756.03632
545.0,1534,3759.774713
525.0,1205,3762.737877
440.0,983,3765.078218
670.0,1429,3768.599453
740.0,1148,3771.45956
470.0,1236,3774.574596
540.0,1369,3777.905587
540.0,1136,3780.674591
600.0,983,3783.197183
600.0,1290,3786.401518
555.0,909,3788.731278
575.0,1333,3792.047153
770.0,1911,3796.763264
745.0,1438,3800.333019
545.0,1376,3803.718701
235.0,659,3805.308319
515.0,1192,3808.278755
215.0,794,3810.17495
755.0,1058,3812.775111
105.0,396,3813.697614
575.0,1337,3817.009755
430.0,860,3819.069002
745.0,1205,3821.991849
325.0,732,3823.762223
30.0,390,3824.622833
95.0,610,3826.096764
555.0,1312,3829.189658
495.0,1176,3831.670058
435.0,1340,3834.579856
715.0,1134,3837.026816
570.0,1625,3840.544479
690.0,1189,3843.048929
285.0,708,3844.532194
535.0,1035,3846.678483
300.0,752,3848.216217
670.0,1006,3850.403083
690.0,1178,3852.944958
600.0,1496,3856.126407
570.0,1578,3859.534235
300.0,910,3861.473531
310.0,775,3863.108702
570.0,1493,3866.29285
345.0,910,3868.171639
230.0,741,3869.751961
360.0,854,3871.520755
770.0,1674,3875.102968
265.0,704,3876.605777
515.0,1266,3879.288924
600.0,1386,3882.278589
585.0,987,3884.371647
775.0,1495,3887.526144
130.0,749,3889.101163
775.0,1083,3891.381423
715.0,1123,3893.833455
750.0,1618,3897.261625
600.0,1138,3899.73028
545.0,1148,3902.137753
285.0,721,3903.633242
575.0,1303,3906.377835
205.0,695,3907.852568
385.0,1281,3910.609854
605.0,1186,3913.09926
595.0,1056,3935.875822
380.0,1098,3938.186384
545.0,1387,3941.222711
465.0,911,3943.09268
335.0,909,3945.045429
490.0,1294,3947.773819
575.0,1295,3950.487067
510.0,1414,3953.530197
600.0,1336,3956.438298
495.0,1202,3959.030303
340.0,872,3960.836882
360.0,935,3962.763236
575.0,1548,3966.124524
350.0,794,3967.795276
805.0,2092,3972.218775
445.0,1060,3974.438431
410.0,1011,3976.58322
145.0,527,3977.695983
210.0,599,3978.901635
485.0,1305,3981.637834
340.0,1070,3983.917048
630.0,1025,3986.077172
550.0,1203,3988.707386
570.0,1552,3992.032557
775.0,1341,3994.861473
365.0,1043,3997.123045
770.0,1335,4000.006316
575.0,1204,4002.570654
550.0,1179,4005.050357
600.0,1351,4007.928483
545.0,1406,4010.945103
490.0,1262,4013.672451
450.0,1298,4016.452982
445.0,1209,4019.04005
490.0,742,4020.715023
520.0,1130,4023.100083
570.0,1336,4025.971021
425.0,1097,4028.285486
510.0,1201,4030.800683
645.0,1289,4033.518937
780.0,1177,4036.047702
605.0,1328,4038.853709
605.0,1235,4041.468059
310.0,988,4043.59464
970.0,1667,4047.174263
460.0,1174,4049.633543
430.0,1321,4052.4299
935.0,1953,4056.593107
1025.0,1740,4060.302612
640.0,1401,4063.290822
660.0,1599,4066.652132
415.0,1031,4068.89607
540.0,1276,4072.037301
1175.0,2341,4077.86074
615.0,1093,4080.559648
470.0,1303,4083.929864
185.0,688,4085.570053
580.0,1185,4088.504116
670.0,1262,4091.557467
515.0,1301,4094.755524
520.0,1144,4097.4669
520.0,1480,4101.068718
600.0,1522,4104.841812
715.0,1400,4108.222029
280.0,870,4110.343447
340.0,919,4112.565625
515.0,1105,4115.408039
870.0,1898,4141.042212
785.0,1373,4144.375403
485.0,1268,4147.471416
540.0,1269,4150.659037
575.0,1551,4154.608719
950.0,1807,4159.057461
390.0,1273,4162.148885
615.0,1177,4165.190688
695.0,1221,4168.170825
800.0,1423,4171.665303
520.0,1168,4174.748914
590.0,924,4177.034628
290.0,983,4179.395527
725.0,1301,4182.600905
600.0,1314,4185.764293
600.0,1258,4188.791653
140.0,663,4190.353604
460.0,1358,4193.770823
775.0,1806,4198.276553
855.0,1993,4203.129194
280.0,718,4204.808538
600.0,1296,4207.988806
640.0,1529,4211.707625
945.0,1400,4215.140561
600.0,1440,4218.61731
570.0,1382,4222.188077
770.0,1354,4225.622078
570.0,1449,4229.099348
580.0,1027,4231.606215
890.0,1790,4236.00298
550.0,1299,4239.144591
495.0,960,4241.452382
535.0,1216,4244.387016
570.0,1221,4247.321095
450.0,870,4249.372951
600.0,1434,4253.056406
520.0,1306,4256.3502
445.0,1186,4259.232714
600.0,1206,4262.183876
500.0,1125,4264.86712
540.0,1140,4267.678773
530.0,1466,4271.243747
1080.0,2297,4276.855433
570.0,1478,4280.427124
800.0,1368,4283.912605
220.0,629,4285.449044
600.0,1429,4288.976232
520.0,1177,4291.826226
375.0,984,4294.22255
230.0,736,4295.949435
490.0,1242,4298.995234
575.0,1312,4302.180183
685.0,1317,4305.39079
650.0,971,4307.699575
900.0,1800,4312.130581
645.0,1124,4314.913321
605.0,1391,4318.272479
715.0,1237,4321.280009
520.0,1586,4325.122739
805.0,1525,4329.081514
570.0,1257,4332.087296
965.0,2500,4338.253753
750.0,1386,4341.651955
570.0,1398,4371.44943
420.0,1180,4374.370923
575.0,1238,4377.405671
575.0,1326,4380.786968
425.0,1210,4383.792874
600.0,1506,4387.501308
1315.0,2665,4394.138953
545.0,1070,4396.741946
785.0,1774,4401.088555
600.0,1433,4404.696322
570.0,1359,4408.017329
605.0,1454,4411.588562
530.0,1286,4414.819947
1545.0,2301,4420.460529
545.0,1248,4423.50325
600.0,1333,4426.741261
570.0,1324,4429.947724
545.0,1054,4432.532496
355.0,1104,4435.324992
360.0,877,4437.467746
405.0,1013,4439.856055
490.0,1251,4442.891756
670.0,1160,4445.947559
460.0,1465,4449.552699
470.0,1043,4452.047289
800.0,1517,4455.758653
435.0,914,4457.915664
305.0,974,4460.304035
600.0,1574,4464.245136
450.0,1099,4466.986171
340.0,726,4468.745206
385.0,1139,4471.528194
1070.0,2222,4476.985059
490.0,1171,4479.796874
440.0,941,4482.050826
640.0,1205,4484.973504
770.0,1118,4487.702512
570.0,1409,4491.148999
520.0,1447,4494.796424
545.0,1202,4497.736787
545.0,1147,4500.48291
750.0,1528,4504.2619
515.0,1390,4507.706714
570.0,1374,4511.044156
485.0,1415,4514.478396
520.0,1126,4517.208726
380.0,1028,4519.7232
600.0,1296,4523.061713
915.0,1383,4526.582519
570.0,1241,4529.596914
885.0,1173,4532.454026
600.0,1275,4535.541495
260.0,879,4537.681984
495.0,1273,4540.758218
600.0,1390,4544.136449
650.0,1469,4547.699022
970.0,1548,4551.479047
775.0,1487,4555.278799
555.0,1380,4558.691541
1030.0,2598,4565.115618
500.0,826,4567.116804
770.0,1352,4570.3793
520.0,1207,4597.538366
800.0,1570,4601.394313
545.0,1081,4604.017777
545.0,1280,4607.130134
525.0,1131,4610.005745
185.0,625,4611.504731
570.0,1438,4615.158246
540.0,1359,4618.464341
600.0,1261,4621.631626
545.0,1131,4624.410404
525.0,1068,4626.961287
915.0,1704,4631.1857
470.0,1093,4633.830687
600.0,1409,4637.266562
265.0,931,4639.515506
1000.0,1412,4643.066771
445.0,1116,4645.894177
375.0,941,4648.209607
385.0,1119,4650.943971
570.0,1245,4653.990496
600.0,1580,4657.852257
600.0,1246,4660.825577
575.0,1115,4663.550094
430.0,1054,4666.075066
775.0,1392,4669.478173
280.0,813,4671.384375
575.0,1317,4674.674486
190.0,631,4676.178091
575.0,1210,4679.145521
75.0,405,4680.062686
570.0,1273,4683.126141
490.0,1202,4686.121486
395.0,1243,4689.152047
970.0,1391,4692.758363
550.0,1452,4696.333095
575.0,1712,4700.48287
600.0,1184,4703.46169
250.0,685,4705.205554
555.0,1392,4708.603401
340.0,1034,4711.132768
360.0,854,4713.183922
600.0,1299,4716.445049
600.0,1135,4719.230309
1070.0,2452,4725.262949
580.0,1357,4728.554082
370.0,1172,4731.43449
455.0,875,4733.512578
510.0,980,4735.940011
180.0,675,4737.544115
550.0,1467,4741.293656
525.0,1407,4744.870362
1010.0,1864,4749.441922
525.0,1343,4752.717692
570.0,1181,4755.592338
955.0,2342,4761.35936
835.0,2056,4766.610463
220.0,710,4768.269821
485.0,1127,4771.037456
520.0,1311,4774.404112
820.0,1973,4779.246383
570.0,1210,4782.158369
570.0,1546,4785.960942
230.0,642,4787.493832
600.0,1272,4790.595551
495.0,1345,4793.987604
1350.0,2327,4799.768978
230.0,589,4826.195846
545.0,1310,4829.429292
805.0,1318,4832.58846
395.0,982,4834.960144
780.0,2086,4840.115491
655.0,1222,4843.099076
555.0,1487,4846.817365
770.0,1216,4849.799402
750.0,1991,4854.981766
230.0,822,4856.967474
70.0,516,4858.245481
280.0,915,4860.442651
1010.0,1373,4863.871519
645.0,1643,4867.885323
440.0,1068,4870.484011
545.0,1004,4873.008721
275.0,1050,4875.521434
110.0,504,4876.742604
780.0,1444,4880.235356
775.0,1222,4883.25627
1475.0,2269,4889.154239
1155.0,2345,4894.94731
210.0,549,4896.225972
655.0,1929,4900.934108
810.0,1230,4903.96054
570.0,1137,4906.692357
270.0,1061,4909.288652
570.0,1164,4912.1212
405.0,980,4914.63134
805.0,1164,4917.572652
1180.0,2516,4923.87577
600.0,1209,4926.847046
305.0,910,4929.051413
110.0,526,4930.25946
520.0,1173,4933.110281
395.0,888,4935.220758
365.0,1111,4937.906209
880.0,1968,4942.818265
570.0,1274,4946.079178
540.0,1068,4948.705546
515.0,1340,4951.945457
555.0,1485,4955.542607
635.0,1336,4958.797329
490.0,1337,4962.04944
510.0,1467,4965.538521
545.0,1234,4968.642965
1150.0,2417,4974.731189
695.0,1297,4977.950867
800.0,1332,4981.216793
570.0,1396,4984.634827
320.0,838,4986.627401
1035.0,1940,4991.346753
545.0,1186,4994.229021
545.0,1199,4997.15298
980.0,2431,5003.140479
480.0,1239,5006.269043
740.0,1383,5009.713756
605.0,1307,5012.864109
515.0,1279,5015.965516
515.0,910,5018.197933
605.0,1327,5021.411071
530.0,1344,5024.786299
570.0,1224,5027.765583
545.0,1210,5052.885945
635.0,973,5055.257249
805.0,1281,5058.421816
485.0,1107,5061.077887
550.0,1229,5064.202506
555.0,1295,5067.422272
810.0,1188,5070.290543
545.0,991,5072.631038
680.0,1228,5075.62091
600.0,1952,5080.410339
545.0,1145,5083.147611
270.0,758,5084.961124
775.0,1908,5089.618841
290.0,1096,5092.27016
445.0,860,5094.406107
265.0,830,5096.412477
290.0,1010,5098.824329
405.0,1280,5101.932158
485.0,986,5104.284967
395.0,905,5106.409864
740.0,1315,5109.560541
540.0,1171,5112.375114
355.0,935,5114.64712
575.0,1235,5117.628813
110.0,428,5118.566782
575.0,1242,5121.780653
505.0,1307,5125.158417
715.0,1411,5128.657906
75.0,480,5129.716061
600.0,1478,5133.327539
585.0,1184,5136.205353
545.0,1196,5139.149816
715.0,1258,5142.193725
670.0,1564,5146.039309
725.0,1643,5150.058847
575.0,1518,5153.80242
545.0,1084,5156.503511
495.0,1274,5159.586791
570.0,1396,5162.974193
745.0,1192,5165.937482
230.0,1006,5168.369401
550.0,1328,5171.554085
600.0,1248,5174.563842
545.0,1141,5177.341002
530.0,1284,5180.409107
600.0,1104,5183.044474
600.0,1299,5186.263436
520.0,1128,5188.977356
570.0,1082,5191.580342
545.0,1293,5194.744185
710.0,1151,5197.477002
800.0,1370,5200.821841
695.0,1521,5204.454268
515.0,1363,5207.788148
460.0,1272,5210.837717
575.0,1291,5214.041511
545.0,1323,5217.319363
545.0,1107,5219.983535
185.0,602,5221.39699
460.0,1214,5224.325388
600.0,1320,5227.477002
475.0,1126,5230.164002
465.0,1083,5232.753077
740.0,1478,5236.479692
535.0,963,5238.86191
545.0,1196,5241.870081
345.0,975,5244.359018
570.0,1315,5247.666339
470.0,1247,5250.768274
365.0,982,5253.207922
375.0,1041,5276.846836
485.0,1167,5279.340875
650.0,1333,5282.134736
170.0,799,5283.824975
440.0,936,5285.770699
600.0,1406,5288.780111
515.0,1193,5291.264195
750.0,1692,5294.913693
520.0,1271,5297.581341
660.0,1363,5300.496824
580.0,1352,5303.358498
270.0,756,5304.99821
800.0,1368,5307.87124
775.0,1432,5310.9422
370.0,1279,5313.653728
775.0,1129,5316.095962
510.0,1315,5318.853802
265.0,752,5320.394499
480.0,1249,5323.04887
545.0,1338,5325.870126
600.0,1337,5328.7276
575.0,1228,5331.300011
880.0,1775,5335.096005
435.0,1132,5337.50337
460.0,992,5339.565938
440.0,1200,5342.127055
600.0,1340,5345.031027
775.0,1414,5348.068708
605.0,1205,5350.657295
600.0,1395,5353.675625
570.0,1531,5356.903956
600.0,1661,5360.473789
440.0,1386,5363.428805
580.0,927,5365.426878
600.0,1282,5368.167516
695.0,1139,5370.619892
395.0,773,5372.246653
180.0,628,5373.559986
430.0,935,5375.521092
525.0,1261,5378.184919
485.0,1182,5380.714628
1155.0,2471,5386.010258
775.0,1728,5389.703196
430.0,1076,5392.014096
510.0,993,5394.121279
570.0,1135,5396.496358
570.0,1359,5399.412782
770.0,1130,5401.797682
770.0,1797,5405.653164
465.0,1285,5408.344749
800.0,1415,5411.41876
545.0,996,5413.631634
570.0,1178,5416.142765
600.0,1177,5418.641302
645.0,1163,5421.142413
545.0,1260,5423.814952
580.0,1218,5426.396423
895.0,1538,5429.672239
385.0,1004,5431.765775
1055.0,2389,5436.883809
625.0,1088,5439.189775
580.0,1497,5442.341069
385.0,1263,5445.056167
520.0,1076,5447.336446
420.0,1088,5449.662831
